https://dcat-br.github.io/dcat-br/docs/vocabularies/temas/abastecimento,abastecimento
https://dcat-br.github.io/dcat-br/docs/vocabularies/temas/administracao,administracao
https://dcat-br.github.io/dcat-br/docs/vocabularies/temas/agropecuaria-pesca-e-extrativismo,agropecuaria-pesca-e-extrativismo
https://dcat-br.github.io/dcat-br/docs/vocabularies/temas/comercio-e-servicos,comercio-e-servicos
https://dcat-br.github.io/dcat-br/docs/vocabularies/temas/comunicacoes,comunicacoes
https://dcat-br.github.io/dcat-br/docs/vocabularies/temas/cultura,cultura
https://dcat-br.github.io/dcat-br/docs/vocabularies/temas/defesa-nacional,defesa-nacional
https://dcat-br.github.io/dcat-br/docs/vocabularies/temas/economia-e-financas,economia-e-financas
https://dcat-br.github.io/dcat-br/docs/vocabularies/temas/educacao,educacao
https://dcat-br.github.io/dcat-br/docs/vocabularies/temas/energia,energia
https://dcat-br.github.io/dcat-br/docs/vocabularies/temas/esporte-e-lazer,esporte-e-lazer
https://dcat-br.github.io/dcat-br/docs/vocabularies/temas/habitacao,habitacao
https://dcat-br.github.io/dcat-br/docs/vocabularies/temas/industria,industria
https://dcat-br.github.io/dcat-br/docs/vocabularies/temas/infraestrutura-e-fomento,infraestrutura-e-fomento
https://dcat-br.github.io/dcat-br/docs/vocabularies/temas/meio-ambiente,meio-ambiente
https://dcat-br.github.io/dcat-br/docs/vocabularies/temas/pesquisa-e-desenvolvimento,pesquisa-e-desenvolvimento
https://dcat-br.github.io/dcat-br/docs/vocabularies/temas/planejamento-e-gestao,planejamento-e-gestao
https://dcat-br.github.io/dcat-br/docs/vocabularies/temas/previdencia-social,previdencia-social
https://dcat-br.github.io/dcat-br/docs/vocabularies/temas/protecao-social,protecao-social
https://dcat-br.github.io/dcat-br/docs/vocabularies/temas/relacoes-internacionais,relacoes-internacionais
https://dcat-br.github.io/dcat-br/docs/vocabularies/temas/saneamento,saneamento
https://dcat-br.github.io/dcat-br/docs/vocabularies/temas/saude,saude
https://dcat-br.github.io/dcat-br/docs/vocabularies/temas/seguranca-e-ordem-publica,seguranca-e-ordem-publica
https://dcat-br.github.io/dcat-br/docs/vocabularies/temas/trabalho,trabalho
https://dcat-br.github.io/dcat-br/docs/vocabularies/temas/transportes,transportes
https://dcat-br.github.io/dcat-br/docs/vocabularies/temas/urbanismo,urbanismo
